{"min": [-0.49696, -0.834406, -0.486915], "max": [0.524612, 0.768575, 0.53449]}