{"min": [-0.584015, -0.74995, -0.445951], "max": [0.635801, 0.847391, 0.719761]}