{"min": [-0.593868, -0.826859, -0.456527], "max": [0.580477, 0.869076, 0.690648]}