{
    "3003": {
        "initial_qpos": [
            -0.06138627231121063,
            0.20171388983726501,
            -0.19492046535015106,
            0.43882888555526733,
            -0.6475026607513428,
            0.002649102360010147,
            -0.2923101484775543,
            -0.14608526229858398,
            -0.9782501459121704,
            0.0615709088742733,
            -0.009562346152961254,
            -0.32176005840301514,
            -0.700733482837677,
            -0.20142556726932526,
            0.19318298995494843
        ],
        "partnet_mobility_id": 3003,
        "position": [
            -0.002168530598282814,
            -0.01130792684853077,
            0.5871418118476868
        ],
        "rotation": [
            0.9999988675117493,
            -0.00032815791200846434,
            0.00044930996955372393,
            0.001389131648465991
        ]
    }
}