{"min": [-0.595389, -0.779101, -0.558142], "max": [0.593062, 0.810673, 0.585177]}