{"min": [-0.591046, -0.803001, -0.469202], "max": [0.582486, 0.862345, 0.646894]}