{"min": [-0.537896, -0.834212, -0.395099], "max": [0.544041, 0.863901, 0.63406]}