{"min": [-0.582576, -0.73423, -0.528108], "max": [0.591448, 0.896622, 0.605175]}