{"min": [-0.524509, -0.821324, -0.462748], "max": [0.578251, 0.706079, 0.642826]}