{"min": [-0.635401, -0.789613, -0.583019], "max": [0.633381, 0.849446, 0.66114]}