{"min": [-0.548623, -0.842436, -0.490369], "max": [0.56845, 0.805662, 0.543558]}