{"min": [-0.535273, -0.826696, -0.469134], "max": [0.576913, 0.748988, 0.645599]}