{"min": [-0.612739, -0.790001, -0.501385], "max": [0.602909, 0.693649, 0.654765]}