{"min": [-0.484716, -0.840489, -0.358999], "max": [0.495547, 0.892101, 0.611895]}