{"min": [-0.549751, -0.772189, -0.503966], "max": [0.545905, 0.704357, 0.711688]}