{"min": [-0.592452, -0.830971, -0.542297], "max": [0.606465, 0.860313, 0.657338]}