{"min": [-0.561936, -0.766473, -0.422525], "max": [0.462384, 0.572103, 0.70538]}