{"min": [-0.549605, -0.849107, -0.470285], "max": [0.550473, 0.891761, 0.602625]}