{"min": [-0.588206, -0.821987, -0.513474], "max": [0.562606, 0.728889, 0.763376]}