{"min": [-0.582652, -0.699218, -0.469216], "max": [0.611069, 0.731485, 0.710394]}