{"min": [-0.498392, -0.830021, -0.461812], "max": [0.522835, 0.903847, 0.467955]}