{"min": [-0.563338, -0.71153, -0.509702], "max": [0.485989, 0.899864, 0.583036]}