{"min": [-0.542832, -0.818509, -0.415103], "max": [0.514719, 0.722306, 0.635383]}