{"min": [-0.465625, -0.852973, -0.40599], "max": [0.461427, 0.885014, 0.569691]}