{"min": [-0.53374, -0.692868, -0.515183], "max": [0.589703, 0.888965, 0.507646]}