{"min": [-0.452523, -0.706599, -0.329578], "max": [0.468962, 0.994555, 0.576188]}