{"min": [-0.563462, -0.762422, -0.535299], "max": [0.540057, 0.907375, 0.546848]}